run_id,image_id,image_name,split,tool_mode,query_policy,snapshot_policy,scope_policy,thinking_level,replicate_idx,iou,dice,precision,recall,qc_pass,selected_attempt_index,retrieval_duplicate,retrieval_mask_source,audit_unavailable,analysis_primary,analysis_sensitivity,run_record_path,mask_path
nanobanana_pneumothorax_smoke_desc_neg_stage0_20260301-215803,1.2.276.0.7230010.3.1.4.8323329.1000.1517875165.878027,1.2.276.0.7230010.3.1.4.8323329.1000.1517875165.878027.png,unknown,closed,model_generated,live_with_caching,open_web,minimal,0,1.0,1.0,0.0,0.0,False,2,False,False,True,True,True,D:\Projects\gemini_image_segmentation\artifacts_nanobanana\1.2.276.0.7230010.3.1.4.8323329.1000.1517875165.878027\closed\replicate_0\nanobanana_pneumothorax_smoke_desc_neg_stage0_20260301-215803\run_record.json,D:\Projects\gemini_image_segmentation\artifacts_nanobanana\1.2.276.0.7230010.3.1.4.8323329.1000.1517875165.878027\closed\replicate_0\nanobanana_pneumothorax_smoke_desc_neg_stage0_20260301-215803\final\final_mask_b8e2552ec0978e0d.png
nanobanana_pneumothorax_smoke_desc_neg_stage0_20260301-215803,1.2.276.0.7230010.3.1.4.8323329.1000.1517875165.878027,1.2.276.0.7230010.3.1.4.8323329.1000.1517875165.878027.png,unknown,text,model_generated,live_with_caching,open_web,minimal,0,1.0,1.0,0.0,0.0,False,2,False,False,True,True,True,D:\Projects\gemini_image_segmentation\artifacts_nanobanana\1.2.276.0.7230010.3.1.4.8323329.1000.1517875165.878027\text\replicate_0\nanobanana_pneumothorax_smoke_desc_neg_stage0_20260301-215803\run_record.json,D:\Projects\gemini_image_segmentation\artifacts_nanobanana\1.2.276.0.7230010.3.1.4.8323329.1000.1517875165.878027\text\replicate_0\nanobanana_pneumothorax_smoke_desc_neg_stage0_20260301-215803\final\final_mask_b8e2552ec0978e0d.png
nanobanana_pneumothorax_smoke_desc_neg_stage0_20260301-215803,1.2.276.0.7230010.3.1.4.8323329.1000.1517875165.878027,1.2.276.0.7230010.3.1.4.8323329.1000.1517875165.878027.png,unknown,image,model_generated,live_with_caching,open_web,minimal,0,1.0,1.0,0.0,0.0,False,1,False,False,True,True,True,D:\Projects\gemini_image_segmentation\artifacts_nanobanana\1.2.276.0.7230010.3.1.4.8323329.1000.1517875165.878027\image\replicate_0\nanobanana_pneumothorax_smoke_desc_neg_stage0_20260301-215803\run_record.json,D:\Projects\gemini_image_segmentation\artifacts_nanobanana\1.2.276.0.7230010.3.1.4.8323329.1000.1517875165.878027\image\replicate_0\nanobanana_pneumothorax_smoke_desc_neg_stage0_20260301-215803\final\final_mask_b8e2552ec0978e0d.png
nanobanana_pneumothorax_smoke_desc_neg_stage0_20260301-215803,1.2.276.0.7230010.3.1.4.8323329.1000.1517875165.878027,1.2.276.0.7230010.3.1.4.8323329.1000.1517875165.878027.png,unknown,text_image,model_generated,live_with_caching,open_web,minimal,0,0.0,0.0,0.0,0.0,True,3,False,False,True,True,True,D:\Projects\gemini_image_segmentation\artifacts_nanobanana\1.2.276.0.7230010.3.1.4.8323329.1000.1517875165.878027\text_image\replicate_0\nanobanana_pneumothorax_smoke_desc_neg_stage0_20260301-215803\run_record.json,D:\Projects\gemini_image_segmentation\artifacts_nanobanana\1.2.276.0.7230010.3.1.4.8323329.1000.1517875165.878027\text_image\replicate_0\nanobanana_pneumothorax_smoke_desc_neg_stage0_20260301-215803\final\final_mask_b955a64ef362ee6c.png
nanobanana_pneumothorax_smoke_desc_neg_stage0_20260301-215803,1.2.276.0.7230010.3.1.4.8323329.10000.1517875220.938530,1.2.276.0.7230010.3.1.4.8323329.10000.1517875220.938530.png,unknown,closed,model_generated,live_with_caching,open_web,minimal,0,0.0,0.0,0.0,0.0,True,2,False,False,True,True,True,D:\Projects\gemini_image_segmentation\artifacts_nanobanana\1.2.276.0.7230010.3.1.4.8323329.10000.1517875220.938530\closed\replicate_0\nanobanana_pneumothorax_smoke_desc_neg_stage0_20260301-215803\run_record.json,D:\Projects\gemini_image_segmentation\artifacts_nanobanana\1.2.276.0.7230010.3.1.4.8323329.10000.1517875220.938530\closed\replicate_0\nanobanana_pneumothorax_smoke_desc_neg_stage0_20260301-215803\final\final_mask_ea00b397caaec084.png
nanobanana_pneumothorax_smoke_desc_neg_stage0_20260301-215803,1.2.276.0.7230010.3.1.4.8323329.10000.1517875220.938530,1.2.276.0.7230010.3.1.4.8323329.10000.1517875220.938530.png,unknown,text,model_generated,live_with_caching,open_web,minimal,0,0.0,0.0,0.0,0.0,True,1,False,False,True,True,True,D:\Projects\gemini_image_segmentation\artifacts_nanobanana\1.2.276.0.7230010.3.1.4.8323329.10000.1517875220.938530\text\replicate_0\nanobanana_pneumothorax_smoke_desc_neg_stage0_20260301-215803\run_record.json,D:\Projects\gemini_image_segmentation\artifacts_nanobanana\1.2.276.0.7230010.3.1.4.8323329.10000.1517875220.938530\text\replicate_0\nanobanana_pneumothorax_smoke_desc_neg_stage0_20260301-215803\final\final_mask_234166c92c4e5a69.png
nanobanana_pneumothorax_smoke_desc_neg_stage0_20260301-215803,1.2.276.0.7230010.3.1.4.8323329.10000.1517875220.938530,1.2.276.0.7230010.3.1.4.8323329.10000.1517875220.938530.png,unknown,image,model_generated,live_with_caching,open_web,minimal,0,0.0,0.0,0.0,0.0,True,2,False,False,True,True,True,D:\Projects\gemini_image_segmentation\artifacts_nanobanana\1.2.276.0.7230010.3.1.4.8323329.10000.1517875220.938530\image\replicate_0\nanobanana_pneumothorax_smoke_desc_neg_stage0_20260301-215803\run_record.json,D:\Projects\gemini_image_segmentation\artifacts_nanobanana\1.2.276.0.7230010.3.1.4.8323329.10000.1517875220.938530\image\replicate_0\nanobanana_pneumothorax_smoke_desc_neg_stage0_20260301-215803\final\final_mask_7879088b1405e4bf.png
nanobanana_pneumothorax_smoke_desc_neg_stage0_20260301-215803,1.2.276.0.7230010.3.1.4.8323329.10000.1517875220.938530,1.2.276.0.7230010.3.1.4.8323329.10000.1517875220.938530.png,unknown,text_image,model_generated,live_with_caching,open_web,minimal,0,0.0,0.0,0.0,0.0,True,2,False,False,True,True,True,D:\Projects\gemini_image_segmentation\artifacts_nanobanana\1.2.276.0.7230010.3.1.4.8323329.10000.1517875220.938530\text_image\replicate_0\nanobanana_pneumothorax_smoke_desc_neg_stage0_20260301-215803\run_record.json,D:\Projects\gemini_image_segmentation\artifacts_nanobanana\1.2.276.0.7230010.3.1.4.8323329.10000.1517875220.938530\text_image\replicate_0\nanobanana_pneumothorax_smoke_desc_neg_stage0_20260301-215803\final\final_mask_5cdde205c372f6fe.png
nanobanana_pneumothorax_smoke_desc_neg_stage0_20260301-215803,1.2.276.0.7230010.3.1.4.8323329.10001.1517875220.930580,1.2.276.0.7230010.3.1.4.8323329.10001.1517875220.930580.png,unknown,closed,model_generated,live_with_caching,open_web,minimal,0,0.0,0.0,0.0,0.0,True,2,False,False,True,True,True,D:\Projects\gemini_image_segmentation\artifacts_nanobanana\1.2.276.0.7230010.3.1.4.8323329.10001.1517875220.930580\closed\replicate_0\nanobanana_pneumothorax_smoke_desc_neg_stage0_20260301-215803\run_record.json,D:\Projects\gemini_image_segmentation\artifacts_nanobanana\1.2.276.0.7230010.3.1.4.8323329.10001.1517875220.930580\closed\replicate_0\nanobanana_pneumothorax_smoke_desc_neg_stage0_20260301-215803\final\final_mask_a433a0e4a91bd5b3.png
nanobanana_pneumothorax_smoke_desc_neg_stage0_20260301-215803,1.2.276.0.7230010.3.1.4.8323329.10001.1517875220.930580,1.2.276.0.7230010.3.1.4.8323329.10001.1517875220.930580.png,unknown,text,model_generated,live_with_caching,open_web,minimal,0,0.0,0.0,0.0,0.0,True,1,False,False,True,True,True,D:\Projects\gemini_image_segmentation\artifacts_nanobanana\1.2.276.0.7230010.3.1.4.8323329.10001.1517875220.930580\text\replicate_0\nanobanana_pneumothorax_smoke_desc_neg_stage0_20260301-215803\run_record.json,D:\Projects\gemini_image_segmentation\artifacts_nanobanana\1.2.276.0.7230010.3.1.4.8323329.10001.1517875220.930580\text\replicate_0\nanobanana_pneumothorax_smoke_desc_neg_stage0_20260301-215803\final\final_mask_2c1e6daad753d65c.png
nanobanana_pneumothorax_smoke_desc_neg_stage0_20260301-215803,1.2.276.0.7230010.3.1.4.8323329.10001.1517875220.930580,1.2.276.0.7230010.3.1.4.8323329.10001.1517875220.930580.png,unknown,image,model_generated,live_with_caching,open_web,minimal,0,0.0,0.0,0.0,0.0,True,2,False,False,True,True,True,D:\Projects\gemini_image_segmentation\artifacts_nanobanana\1.2.276.0.7230010.3.1.4.8323329.10001.1517875220.930580\image\replicate_0\nanobanana_pneumothorax_smoke_desc_neg_stage0_20260301-215803\run_record.json,D:\Projects\gemini_image_segmentation\artifacts_nanobanana\1.2.276.0.7230010.3.1.4.8323329.10001.1517875220.930580\image\replicate_0\nanobanana_pneumothorax_smoke_desc_neg_stage0_20260301-215803\final\final_mask_f5d174125a322df3.png
nanobanana_pneumothorax_smoke_desc_neg_stage0_20260301-215803,1.2.276.0.7230010.3.1.4.8323329.10001.1517875220.930580,1.2.276.0.7230010.3.1.4.8323329.10001.1517875220.930580.png,unknown,text_image,model_generated,live_with_caching,open_web,minimal,0,0.0,0.0,0.0,0.0,True,2,False,False,True,True,True,D:\Projects\gemini_image_segmentation\artifacts_nanobanana\1.2.276.0.7230010.3.1.4.8323329.10001.1517875220.930580\text_image\replicate_0\nanobanana_pneumothorax_smoke_desc_neg_stage0_20260301-215803\run_record.json,D:\Projects\gemini_image_segmentation\artifacts_nanobanana\1.2.276.0.7230010.3.1.4.8323329.10001.1517875220.930580\text_image\replicate_0\nanobanana_pneumothorax_smoke_desc_neg_stage0_20260301-215803\final\final_mask_725c52ac77a19fd9.png
nanobanana_pneumothorax_smoke_desc_neg_stage0_20260301-215803,1.2.276.0.7230010.3.1.4.8323329.10002.1517875220.939397,1.2.276.0.7230010.3.1.4.8323329.10002.1517875220.939397.png,unknown,closed,model_generated,live_with_caching,open_web,minimal,0,0.0,0.0,0.0,0.0,True,1,False,False,True,True,True,D:\Projects\gemini_image_segmentation\artifacts_nanobanana\1.2.276.0.7230010.3.1.4.8323329.10002.1517875220.939397\closed\replicate_0\nanobanana_pneumothorax_smoke_desc_neg_stage0_20260301-215803\run_record.json,D:\Projects\gemini_image_segmentation\artifacts_nanobanana\1.2.276.0.7230010.3.1.4.8323329.10002.1517875220.939397\closed\replicate_0\nanobanana_pneumothorax_smoke_desc_neg_stage0_20260301-215803\final\final_mask_d8e900e22a2ceab9.png
nanobanana_pneumothorax_smoke_desc_neg_stage0_20260301-215803,1.2.276.0.7230010.3.1.4.8323329.10002.1517875220.939397,1.2.276.0.7230010.3.1.4.8323329.10002.1517875220.939397.png,unknown,text,model_generated,live_with_caching,open_web,minimal,0,0.0,0.0,0.0,0.0,True,1,False,False,True,True,True,D:\Projects\gemini_image_segmentation\artifacts_nanobanana\1.2.276.0.7230010.3.1.4.8323329.10002.1517875220.939397\text\replicate_0\nanobanana_pneumothorax_smoke_desc_neg_stage0_20260301-215803\run_record.json,D:\Projects\gemini_image_segmentation\artifacts_nanobanana\1.2.276.0.7230010.3.1.4.8323329.10002.1517875220.939397\text\replicate_0\nanobanana_pneumothorax_smoke_desc_neg_stage0_20260301-215803\final\final_mask_5bcc3d25239d92f9.png
nanobanana_pneumothorax_smoke_desc_neg_stage0_20260301-215803,1.2.276.0.7230010.3.1.4.8323329.10002.1517875220.939397,1.2.276.0.7230010.3.1.4.8323329.10002.1517875220.939397.png,unknown,image,model_generated,live_with_caching,open_web,minimal,0,0.0,0.0,0.0,0.0,True,1,False,False,True,True,True,D:\Projects\gemini_image_segmentation\artifacts_nanobanana\1.2.276.0.7230010.3.1.4.8323329.10002.1517875220.939397\image\replicate_0\nanobanana_pneumothorax_smoke_desc_neg_stage0_20260301-215803\run_record.json,D:\Projects\gemini_image_segmentation\artifacts_nanobanana\1.2.276.0.7230010.3.1.4.8323329.10002.1517875220.939397\image\replicate_0\nanobanana_pneumothorax_smoke_desc_neg_stage0_20260301-215803\final\final_mask_f2fe3f6141366338.png
nanobanana_pneumothorax_smoke_desc_neg_stage0_20260301-215803,1.2.276.0.7230010.3.1.4.8323329.10002.1517875220.939397,1.2.276.0.7230010.3.1.4.8323329.10002.1517875220.939397.png,unknown,text_image,model_generated,live_with_caching,open_web,minimal,0,0.0,0.0,0.0,0.0,True,1,False,False,True,True,True,D:\Projects\gemini_image_segmentation\artifacts_nanobanana\1.2.276.0.7230010.3.1.4.8323329.10002.1517875220.939397\text_image\replicate_0\nanobanana_pneumothorax_smoke_desc_neg_stage0_20260301-215803\run_record.json,D:\Projects\gemini_image_segmentation\artifacts_nanobanana\1.2.276.0.7230010.3.1.4.8323329.10002.1517875220.939397\text_image\replicate_0\nanobanana_pneumothorax_smoke_desc_neg_stage0_20260301-215803\final\final_mask_18e7adbaf5ba27b4.png
nanobanana_pneumothorax_smoke_desc_neg_stage0_20260301-215803,1.2.276.0.7230010.3.1.4.8323329.10003.1517875220.942420,1.2.276.0.7230010.3.1.4.8323329.10003.1517875220.942420.png,unknown,closed,model_generated,live_with_caching,open_web,minimal,0,0.0,0.0,0.0,0.0,True,1,False,False,True,True,True,D:\Projects\gemini_image_segmentation\artifacts_nanobanana\1.2.276.0.7230010.3.1.4.8323329.10003.1517875220.942420\closed\replicate_0\nanobanana_pneumothorax_smoke_desc_neg_stage0_20260301-215803\run_record.json,D:\Projects\gemini_image_segmentation\artifacts_nanobanana\1.2.276.0.7230010.3.1.4.8323329.10003.1517875220.942420\closed\replicate_0\nanobanana_pneumothorax_smoke_desc_neg_stage0_20260301-215803\final\final_mask_517a6faab4bf4986.png
nanobanana_pneumothorax_smoke_desc_neg_stage0_20260301-215803,1.2.276.0.7230010.3.1.4.8323329.10003.1517875220.942420,1.2.276.0.7230010.3.1.4.8323329.10003.1517875220.942420.png,unknown,text,model_generated,live_with_caching,open_web,minimal,0,0.0,0.0,0.0,0.0,True,2,False,False,True,True,True,D:\Projects\gemini_image_segmentation\artifacts_nanobanana\1.2.276.0.7230010.3.1.4.8323329.10003.1517875220.942420\text\replicate_0\nanobanana_pneumothorax_smoke_desc_neg_stage0_20260301-215803\run_record.json,D:\Projects\gemini_image_segmentation\artifacts_nanobanana\1.2.276.0.7230010.3.1.4.8323329.10003.1517875220.942420\text\replicate_0\nanobanana_pneumothorax_smoke_desc_neg_stage0_20260301-215803\final\final_mask_fe666d59ee8f0285.png
nanobanana_pneumothorax_smoke_desc_neg_stage0_20260301-215803,1.2.276.0.7230010.3.1.4.8323329.10003.1517875220.942420,1.2.276.0.7230010.3.1.4.8323329.10003.1517875220.942420.png,unknown,image,model_generated,live_with_caching,open_web,minimal,0,0.0,0.0,0.0,0.0,True,2,False,False,True,True,True,D:\Projects\gemini_image_segmentation\artifacts_nanobanana\1.2.276.0.7230010.3.1.4.8323329.10003.1517875220.942420\image\replicate_0\nanobanana_pneumothorax_smoke_desc_neg_stage0_20260301-215803\run_record.json,D:\Projects\gemini_image_segmentation\artifacts_nanobanana\1.2.276.0.7230010.3.1.4.8323329.10003.1517875220.942420\image\replicate_0\nanobanana_pneumothorax_smoke_desc_neg_stage0_20260301-215803\final\final_mask_c881a5f0008cbece.png
nanobanana_pneumothorax_smoke_desc_neg_stage0_20260301-215803,1.2.276.0.7230010.3.1.4.8323329.10003.1517875220.942420,1.2.276.0.7230010.3.1.4.8323329.10003.1517875220.942420.png,unknown,text_image,model_generated,live_with_caching,open_web,minimal,0,0.0,0.0,0.0,0.0,True,2,False,False,True,True,True,D:\Projects\gemini_image_segmentation\artifacts_nanobanana\1.2.276.0.7230010.3.1.4.8323329.10003.1517875220.942420\text_image\replicate_0\nanobanana_pneumothorax_smoke_desc_neg_stage0_20260301-215803\run_record.json,D:\Projects\gemini_image_segmentation\artifacts_nanobanana\1.2.276.0.7230010.3.1.4.8323329.10003.1517875220.942420\text_image\replicate_0\nanobanana_pneumothorax_smoke_desc_neg_stage0_20260301-215803\final\final_mask_6a9569c453cd9680.png
nanobanana_pneumothorax_smoke_desc_neg_stage0_20260301-215803,1.2.276.0.7230010.3.1.4.8323329.10004.1517875220.929537,1.2.276.0.7230010.3.1.4.8323329.10004.1517875220.929537.png,unknown,closed,model_generated,live_with_caching,open_web,minimal,0,0.0,0.0,0.0,0.0,True,2,False,False,True,True,True,D:\Projects\gemini_image_segmentation\artifacts_nanobanana\1.2.276.0.7230010.3.1.4.8323329.10004.1517875220.929537\closed\replicate_0\nanobanana_pneumothorax_smoke_desc_neg_stage0_20260301-215803\run_record.json,D:\Projects\gemini_image_segmentation\artifacts_nanobanana\1.2.276.0.7230010.3.1.4.8323329.10004.1517875220.929537\closed\replicate_0\nanobanana_pneumothorax_smoke_desc_neg_stage0_20260301-215803\final\final_mask_a0543f70eb63c725.png
nanobanana_pneumothorax_smoke_desc_neg_stage0_20260301-215803,1.2.276.0.7230010.3.1.4.8323329.10004.1517875220.929537,1.2.276.0.7230010.3.1.4.8323329.10004.1517875220.929537.png,unknown,text,model_generated,live_with_caching,open_web,minimal,0,1.0,1.0,0.0,0.0,False,2,False,False,True,True,True,D:\Projects\gemini_image_segmentation\artifacts_nanobanana\1.2.276.0.7230010.3.1.4.8323329.10004.1517875220.929537\text\replicate_0\nanobanana_pneumothorax_smoke_desc_neg_stage0_20260301-215803\run_record.json,D:\Projects\gemini_image_segmentation\artifacts_nanobanana\1.2.276.0.7230010.3.1.4.8323329.10004.1517875220.929537\text\replicate_0\nanobanana_pneumothorax_smoke_desc_neg_stage0_20260301-215803\final\final_mask_b8e2552ec0978e0d.png
nanobanana_pneumothorax_smoke_desc_neg_stage0_20260301-215803,1.2.276.0.7230010.3.1.4.8323329.10004.1517875220.929537,1.2.276.0.7230010.3.1.4.8323329.10004.1517875220.929537.png,unknown,image,model_generated,live_with_caching,open_web,minimal,0,1.0,1.0,0.0,0.0,False,2,False,False,True,True,True,D:\Projects\gemini_image_segmentation\artifacts_nanobanana\1.2.276.0.7230010.3.1.4.8323329.10004.1517875220.929537\image\replicate_0\nanobanana_pneumothorax_smoke_desc_neg_stage0_20260301-215803\run_record.json,D:\Projects\gemini_image_segmentation\artifacts_nanobanana\1.2.276.0.7230010.3.1.4.8323329.10004.1517875220.929537\image\replicate_0\nanobanana_pneumothorax_smoke_desc_neg_stage0_20260301-215803\final\final_mask_b8e2552ec0978e0d.png
nanobanana_pneumothorax_smoke_desc_neg_stage0_20260301-215803,1.2.276.0.7230010.3.1.4.8323329.10004.1517875220.929537,1.2.276.0.7230010.3.1.4.8323329.10004.1517875220.929537.png,unknown,text_image,model_generated,live_with_caching,open_web,minimal,0,0.0,0.0,0.0,0.0,True,1,False,False,True,True,True,D:\Projects\gemini_image_segmentation\artifacts_nanobanana\1.2.276.0.7230010.3.1.4.8323329.10004.1517875220.929537\text_image\replicate_0\nanobanana_pneumothorax_smoke_desc_neg_stage0_20260301-215803\run_record.json,D:\Projects\gemini_image_segmentation\artifacts_nanobanana\1.2.276.0.7230010.3.1.4.8323329.10004.1517875220.929537\text_image\replicate_0\nanobanana_pneumothorax_smoke_desc_neg_stage0_20260301-215803\final\final_mask_0e3d516937e1743c.png
nanobanana_pneumothorax_smoke_desc_neg_stage0_20260301-215803,1.2.276.0.7230010.3.1.4.8323329.10005.1517875220.958951,1.2.276.0.7230010.3.1.4.8323329.10005.1517875220.958951.png,unknown,closed,model_generated,live_with_caching,open_web,minimal,0,0.0,0.0,0.0,0.0,True,2,False,False,True,True,True,D:\Projects\gemini_image_segmentation\artifacts_nanobanana\1.2.276.0.7230010.3.1.4.8323329.10005.1517875220.958951\closed\replicate_0\nanobanana_pneumothorax_smoke_desc_neg_stage0_20260301-215803\run_record.json,D:\Projects\gemini_image_segmentation\artifacts_nanobanana\1.2.276.0.7230010.3.1.4.8323329.10005.1517875220.958951\closed\replicate_0\nanobanana_pneumothorax_smoke_desc_neg_stage0_20260301-215803\final\final_mask_5b1019bb27a9a3af.png
nanobanana_pneumothorax_smoke_desc_neg_stage0_20260301-215803,1.2.276.0.7230010.3.1.4.8323329.10005.1517875220.958951,1.2.276.0.7230010.3.1.4.8323329.10005.1517875220.958951.png,unknown,text,model_generated,live_with_caching,open_web,minimal,0,0.0,0.0,0.0,0.0,True,1,False,False,True,True,True,D:\Projects\gemini_image_segmentation\artifacts_nanobanana\1.2.276.0.7230010.3.1.4.8323329.10005.1517875220.958951\text\replicate_0\nanobanana_pneumothorax_smoke_desc_neg_stage0_20260301-215803\run_record.json,D:\Projects\gemini_image_segmentation\artifacts_nanobanana\1.2.276.0.7230010.3.1.4.8323329.10005.1517875220.958951\text\replicate_0\nanobanana_pneumothorax_smoke_desc_neg_stage0_20260301-215803\final\final_mask_3dcd867ad8233421.png
nanobanana_pneumothorax_smoke_desc_neg_stage0_20260301-215803,1.2.276.0.7230010.3.1.4.8323329.10005.1517875220.958951,1.2.276.0.7230010.3.1.4.8323329.10005.1517875220.958951.png,unknown,image,model_generated,live_with_caching,open_web,minimal,0,0.0,0.0,0.0,0.0,True,1,False,False,True,True,True,D:\Projects\gemini_image_segmentation\artifacts_nanobanana\1.2.276.0.7230010.3.1.4.8323329.10005.1517875220.958951\image\replicate_0\nanobanana_pneumothorax_smoke_desc_neg_stage0_20260301-215803\run_record.json,D:\Projects\gemini_image_segmentation\artifacts_nanobanana\1.2.276.0.7230010.3.1.4.8323329.10005.1517875220.958951\image\replicate_0\nanobanana_pneumothorax_smoke_desc_neg_stage0_20260301-215803\final\final_mask_3c0860025a7f70a0.png
nanobanana_pneumothorax_smoke_desc_neg_stage0_20260301-215803,1.2.276.0.7230010.3.1.4.8323329.10005.1517875220.958951,1.2.276.0.7230010.3.1.4.8323329.10005.1517875220.958951.png,unknown,text_image,model_generated,live_with_caching,open_web,minimal,0,0.0,0.0,0.0,0.0,True,2,False,False,True,True,True,D:\Projects\gemini_image_segmentation\artifacts_nanobanana\1.2.276.0.7230010.3.1.4.8323329.10005.1517875220.958951\text_image\replicate_0\nanobanana_pneumothorax_smoke_desc_neg_stage0_20260301-215803\run_record.json,D:\Projects\gemini_image_segmentation\artifacts_nanobanana\1.2.276.0.7230010.3.1.4.8323329.10005.1517875220.958951\text_image\replicate_0\nanobanana_pneumothorax_smoke_desc_neg_stage0_20260301-215803\final\final_mask_eb610d3adb26b2e5.png
nanobanana_pneumothorax_smoke_desc_neg_stage0_20260301-215803,1.2.276.0.7230010.3.1.4.8323329.10006.1517875220.954474,1.2.276.0.7230010.3.1.4.8323329.10006.1517875220.954474.png,unknown,closed,model_generated,live_with_caching,open_web,minimal,0,0.0,0.0,0.0,0.0,True,2,False,False,True,True,True,D:\Projects\gemini_image_segmentation\artifacts_nanobanana\1.2.276.0.7230010.3.1.4.8323329.10006.1517875220.954474\closed\replicate_0\nanobanana_pneumothorax_smoke_desc_neg_stage0_20260301-215803\run_record.json,D:\Projects\gemini_image_segmentation\artifacts_nanobanana\1.2.276.0.7230010.3.1.4.8323329.10006.1517875220.954474\closed\replicate_0\nanobanana_pneumothorax_smoke_desc_neg_stage0_20260301-215803\final\final_mask_cef5efaef6e4a15c.png
nanobanana_pneumothorax_smoke_desc_neg_stage0_20260301-215803,1.2.276.0.7230010.3.1.4.8323329.10006.1517875220.954474,1.2.276.0.7230010.3.1.4.8323329.10006.1517875220.954474.png,unknown,text,model_generated,live_with_caching,open_web,minimal,0,0.0,0.0,0.0,0.0,True,1,False,False,True,True,True,D:\Projects\gemini_image_segmentation\artifacts_nanobanana\1.2.276.0.7230010.3.1.4.8323329.10006.1517875220.954474\text\replicate_0\nanobanana_pneumothorax_smoke_desc_neg_stage0_20260301-215803\run_record.json,D:\Projects\gemini_image_segmentation\artifacts_nanobanana\1.2.276.0.7230010.3.1.4.8323329.10006.1517875220.954474\text\replicate_0\nanobanana_pneumothorax_smoke_desc_neg_stage0_20260301-215803\final\final_mask_a95ba5deef092900.png
nanobanana_pneumothorax_smoke_desc_neg_stage0_20260301-215803,1.2.276.0.7230010.3.1.4.8323329.10006.1517875220.954474,1.2.276.0.7230010.3.1.4.8323329.10006.1517875220.954474.png,unknown,image,model_generated,live_with_caching,open_web,minimal,0,0.0,0.0,0.0,0.0,True,2,False,False,True,True,True,D:\Projects\gemini_image_segmentation\artifacts_nanobanana\1.2.276.0.7230010.3.1.4.8323329.10006.1517875220.954474\image\replicate_0\nanobanana_pneumothorax_smoke_desc_neg_stage0_20260301-215803\run_record.json,D:\Projects\gemini_image_segmentation\artifacts_nanobanana\1.2.276.0.7230010.3.1.4.8323329.10006.1517875220.954474\image\replicate_0\nanobanana_pneumothorax_smoke_desc_neg_stage0_20260301-215803\final\final_mask_e41054dc07a52cf3.png
nanobanana_pneumothorax_smoke_desc_neg_stage0_20260301-215803,1.2.276.0.7230010.3.1.4.8323329.10006.1517875220.954474,1.2.276.0.7230010.3.1.4.8323329.10006.1517875220.954474.png,unknown,text_image,model_generated,live_with_caching,open_web,minimal,0,0.0,0.0,0.0,0.0,True,2,False,False,True,True,True,D:\Projects\gemini_image_segmentation\artifacts_nanobanana\1.2.276.0.7230010.3.1.4.8323329.10006.1517875220.954474\text_image\replicate_0\nanobanana_pneumothorax_smoke_desc_neg_stage0_20260301-215803\run_record.json,D:\Projects\gemini_image_segmentation\artifacts_nanobanana\1.2.276.0.7230010.3.1.4.8323329.10006.1517875220.954474\text_image\replicate_0\nanobanana_pneumothorax_smoke_desc_neg_stage0_20260301-215803\final\final_mask_162e905904f91a62.png
nanobanana_pneumothorax_smoke_desc_neg_stage0_20260301-215803,1.2.276.0.7230010.3.1.4.8323329.10007.1517875220.954767,1.2.276.0.7230010.3.1.4.8323329.10007.1517875220.954767.png,unknown,closed,model_generated,live_with_caching,open_web,minimal,0,0.0,0.0,0.0,0.0,True,1,False,False,True,True,True,D:\Projects\gemini_image_segmentation\artifacts_nanobanana\1.2.276.0.7230010.3.1.4.8323329.10007.1517875220.954767\closed\replicate_0\nanobanana_pneumothorax_smoke_desc_neg_stage0_20260301-215803\run_record.json,D:\Projects\gemini_image_segmentation\artifacts_nanobanana\1.2.276.0.7230010.3.1.4.8323329.10007.1517875220.954767\closed\replicate_0\nanobanana_pneumothorax_smoke_desc_neg_stage0_20260301-215803\final\final_mask_4e79e5a48df909dd.png
nanobanana_pneumothorax_smoke_desc_neg_stage0_20260301-215803,1.2.276.0.7230010.3.1.4.8323329.10007.1517875220.954767,1.2.276.0.7230010.3.1.4.8323329.10007.1517875220.954767.png,unknown,text,model_generated,live_with_caching,open_web,minimal,0,0.0,0.0,0.0,0.0,True,1,False,False,True,True,True,D:\Projects\gemini_image_segmentation\artifacts_nanobanana\1.2.276.0.7230010.3.1.4.8323329.10007.1517875220.954767\text\replicate_0\nanobanana_pneumothorax_smoke_desc_neg_stage0_20260301-215803\run_record.json,D:\Projects\gemini_image_segmentation\artifacts_nanobanana\1.2.276.0.7230010.3.1.4.8323329.10007.1517875220.954767\text\replicate_0\nanobanana_pneumothorax_smoke_desc_neg_stage0_20260301-215803\final\final_mask_2df3f526e85cc73e.png
nanobanana_pneumothorax_smoke_desc_neg_stage0_20260301-215803,1.2.276.0.7230010.3.1.4.8323329.10007.1517875220.954767,1.2.276.0.7230010.3.1.4.8323329.10007.1517875220.954767.png,unknown,image,model_generated,live_with_caching,open_web,minimal,0,0.0,0.0,0.0,0.0,True,1,False,False,True,True,True,D:\Projects\gemini_image_segmentation\artifacts_nanobanana\1.2.276.0.7230010.3.1.4.8323329.10007.1517875220.954767\image\replicate_0\nanobanana_pneumothorax_smoke_desc_neg_stage0_20260301-215803\run_record.json,D:\Projects\gemini_image_segmentation\artifacts_nanobanana\1.2.276.0.7230010.3.1.4.8323329.10007.1517875220.954767\image\replicate_0\nanobanana_pneumothorax_smoke_desc_neg_stage0_20260301-215803\final\final_mask_930c22e45afe62c9.png
nanobanana_pneumothorax_smoke_desc_neg_stage0_20260301-215803,1.2.276.0.7230010.3.1.4.8323329.10007.1517875220.954767,1.2.276.0.7230010.3.1.4.8323329.10007.1517875220.954767.png,unknown,text_image,model_generated,live_with_caching,open_web,minimal,0,1.0,1.0,0.0,0.0,False,1,False,False,True,True,True,D:\Projects\gemini_image_segmentation\artifacts_nanobanana\1.2.276.0.7230010.3.1.4.8323329.10007.1517875220.954767\text_image\replicate_0\nanobanana_pneumothorax_smoke_desc_neg_stage0_20260301-215803\run_record.json,D:\Projects\gemini_image_segmentation\artifacts_nanobanana\1.2.276.0.7230010.3.1.4.8323329.10007.1517875220.954767\text_image\replicate_0\nanobanana_pneumothorax_smoke_desc_neg_stage0_20260301-215803\final\final_mask_b8e2552ec0978e0d.png
nanobanana_pneumothorax_smoke_desc_neg_stage0_20260301-215803,1.2.276.0.7230010.3.1.4.8323329.10008.1517875220.957633,1.2.276.0.7230010.3.1.4.8323329.10008.1517875220.957633.png,unknown,closed,model_generated,live_with_caching,open_web,minimal,0,0.0,0.0,0.0,0.0,True,2,False,False,True,True,True,D:\Projects\gemini_image_segmentation\artifacts_nanobanana\1.2.276.0.7230010.3.1.4.8323329.10008.1517875220.957633\closed\replicate_0\nanobanana_pneumothorax_smoke_desc_neg_stage0_20260301-215803\run_record.json,D:\Projects\gemini_image_segmentation\artifacts_nanobanana\1.2.276.0.7230010.3.1.4.8323329.10008.1517875220.957633\closed\replicate_0\nanobanana_pneumothorax_smoke_desc_neg_stage0_20260301-215803\final\final_mask_d4b4eaad3b2ff122.png
nanobanana_pneumothorax_smoke_desc_neg_stage0_20260301-215803,1.2.276.0.7230010.3.1.4.8323329.10008.1517875220.957633,1.2.276.0.7230010.3.1.4.8323329.10008.1517875220.957633.png,unknown,text,model_generated,live_with_caching,open_web,minimal,0,0.0,0.0,0.0,0.0,True,2,False,False,True,True,True,D:\Projects\gemini_image_segmentation\artifacts_nanobanana\1.2.276.0.7230010.3.1.4.8323329.10008.1517875220.957633\text\replicate_0\nanobanana_pneumothorax_smoke_desc_neg_stage0_20260301-215803\run_record.json,D:\Projects\gemini_image_segmentation\artifacts_nanobanana\1.2.276.0.7230010.3.1.4.8323329.10008.1517875220.957633\text\replicate_0\nanobanana_pneumothorax_smoke_desc_neg_stage0_20260301-215803\final\final_mask_233def1f7fbfda18.png
nanobanana_pneumothorax_smoke_desc_neg_stage0_20260301-215803,1.2.276.0.7230010.3.1.4.8323329.10008.1517875220.957633,1.2.276.0.7230010.3.1.4.8323329.10008.1517875220.957633.png,unknown,image,model_generated,live_with_caching,open_web,minimal,0,0.0,0.0,0.0,0.0,True,1,False,False,True,True,True,D:\Projects\gemini_image_segmentation\artifacts_nanobanana\1.2.276.0.7230010.3.1.4.8323329.10008.1517875220.957633\image\replicate_0\nanobanana_pneumothorax_smoke_desc_neg_stage0_20260301-215803\run_record.json,D:\Projects\gemini_image_segmentation\artifacts_nanobanana\1.2.276.0.7230010.3.1.4.8323329.10008.1517875220.957633\image\replicate_0\nanobanana_pneumothorax_smoke_desc_neg_stage0_20260301-215803\final\final_mask_03851eeadc6017fe.png
nanobanana_pneumothorax_smoke_desc_neg_stage0_20260301-215803,1.2.276.0.7230010.3.1.4.8323329.10008.1517875220.957633,1.2.276.0.7230010.3.1.4.8323329.10008.1517875220.957633.png,unknown,text_image,model_generated,live_with_caching,open_web,minimal,0,0.0,0.0,0.0,0.0,True,1,False,False,True,True,True,D:\Projects\gemini_image_segmentation\artifacts_nanobanana\1.2.276.0.7230010.3.1.4.8323329.10008.1517875220.957633\text_image\replicate_0\nanobanana_pneumothorax_smoke_desc_neg_stage0_20260301-215803\run_record.json,D:\Projects\gemini_image_segmentation\artifacts_nanobanana\1.2.276.0.7230010.3.1.4.8323329.10008.1517875220.957633\text_image\replicate_0\nanobanana_pneumothorax_smoke_desc_neg_stage0_20260301-215803\final\final_mask_412acdd94a69b7fb.png
