run_id,image_id,image_name,split,tool_mode,query_policy,snapshot_policy,scope_policy,thinking_level,replicate_idx,iou,dice,precision,recall,qc_pass,selected_attempt_index,retrieval_duplicate,retrieval_mask_source,audit_unavailable,analysis_primary,analysis_sensitivity,run_record_path,mask_path,closed_iou,closed_dice,delta_iou_vs_closed,delta_dice_vs_closed
nanobanana_pneumothorax_smoke_desc_neg_stage0_20260302-010045,1.2.276.0.7230010.3.1.4.8323329.10005.1517875220.958951,1.2.276.0.7230010.3.1.4.8323329.10005.1517875220.958951.png,unknown,closed,model_generated,live_with_caching,open_web,minimal,0,0.0,0.0,0.0,0.0,True,2,False,False,True,True,True,D:\Projects\gemini_image_segmentation\artifacts_nanobanana\1.2.276.0.7230010.3.1.4.8323329.10005.1517875220.958951\closed\replicate_0\nanobanana_pneumothorax_smoke_desc_neg_stage0_20260302-010045\run_record.json,D:\Projects\gemini_image_segmentation\artifacts_nanobanana\1.2.276.0.7230010.3.1.4.8323329.10005.1517875220.958951\closed\replicate_0\nanobanana_pneumothorax_smoke_desc_neg_stage0_20260302-010045\final\final_mask_d86a7378f2a96a35.png,0.0,0.0,0.0,0.0
nanobanana_pneumothorax_smoke_desc_neg_stage0_20260302-010045,1.2.276.0.7230010.3.1.4.8323329.10005.1517875220.958951,1.2.276.0.7230010.3.1.4.8323329.10005.1517875220.958951.png,unknown,text,model_generated,live_with_caching,open_web,minimal,0,0.024681761856483048,0.04817449236485966,0.02599698620059564,0.3278958395689913,True,2,False,False,True,True,True,D:\Projects\gemini_image_segmentation\artifacts_nanobanana\1.2.276.0.7230010.3.1.4.8323329.10005.1517875220.958951\text\replicate_0\nanobanana_pneumothorax_smoke_desc_neg_stage0_20260302-010045\run_record.json,D:\Projects\gemini_image_segmentation\artifacts_nanobanana\1.2.276.0.7230010.3.1.4.8323329.10005.1517875220.958951\text\replicate_0\nanobanana_pneumothorax_smoke_desc_neg_stage0_20260302-010045\final\final_mask_43796b7f8c595de5.png,0.0,0.0,0.024681761856483048,0.04817449236485966
nanobanana_pneumothorax_smoke_desc_neg_stage0_20260302-010045,1.2.276.0.7230010.3.1.4.8323329.10005.1517875220.958951,1.2.276.0.7230010.3.1.4.8323329.10005.1517875220.958951.png,unknown,image,model_generated,live_with_caching,open_web,minimal,0,0.026139447305754,0.05094716390522964,0.027453671928620454,0.35318766836276566,True,2,False,False,True,True,True,D:\Projects\gemini_image_segmentation\artifacts_nanobanana\1.2.276.0.7230010.3.1.4.8323329.10005.1517875220.958951\image\replicate_0\nanobanana_pneumothorax_smoke_desc_neg_stage0_20260302-010045\run_record.json,D:\Projects\gemini_image_segmentation\artifacts_nanobanana\1.2.276.0.7230010.3.1.4.8323329.10005.1517875220.958951\image\replicate_0\nanobanana_pneumothorax_smoke_desc_neg_stage0_20260302-010045\final\final_mask_f44018a3f334cdac.png,0.0,0.0,0.026139447305754,0.05094716390522964
nanobanana_pneumothorax_smoke_desc_neg_stage0_20260302-010045,1.2.276.0.7230010.3.1.4.8323329.10005.1517875220.958951,1.2.276.0.7230010.3.1.4.8323329.10005.1517875220.958951.png,unknown,text_image,model_generated,live_with_caching,open_web,minimal,0,0.0,0.0,0.0,0.0,True,1,False,False,True,True,True,D:\Projects\gemini_image_segmentation\artifacts_nanobanana\1.2.276.0.7230010.3.1.4.8323329.10005.1517875220.958951\text_image\replicate_0\nanobanana_pneumothorax_smoke_desc_neg_stage0_20260302-010045\run_record.json,D:\Projects\gemini_image_segmentation\artifacts_nanobanana\1.2.276.0.7230010.3.1.4.8323329.10005.1517875220.958951\text_image\replicate_0\nanobanana_pneumothorax_smoke_desc_neg_stage0_20260302-010045\final\final_mask_0727598ddce2312f.png,0.0,0.0,0.0,0.0
nanobanana_pneumothorax_smoke_desc_neg_stage0_20260302-010045,1.2.276.0.7230010.3.1.4.8323329.10011.1517875220.977487,1.2.276.0.7230010.3.1.4.8323329.10011.1517875220.977487.png,unknown,closed,model_generated,live_with_caching,open_web,minimal,0,0.0,0.0,0.0,0.0,True,2,False,False,True,True,True,D:\Projects\gemini_image_segmentation\artifacts_nanobanana\1.2.276.0.7230010.3.1.4.8323329.10011.1517875220.977487\closed\replicate_0\nanobanana_pneumothorax_smoke_desc_neg_stage0_20260302-010045\run_record.json,D:\Projects\gemini_image_segmentation\artifacts_nanobanana\1.2.276.0.7230010.3.1.4.8323329.10011.1517875220.977487\closed\replicate_0\nanobanana_pneumothorax_smoke_desc_neg_stage0_20260302-010045\final\final_mask_25f7ccd63e415569.png,0.0,0.0,0.0,0.0
nanobanana_pneumothorax_smoke_desc_neg_stage0_20260302-010045,1.2.276.0.7230010.3.1.4.8323329.10011.1517875220.977487,1.2.276.0.7230010.3.1.4.8323329.10011.1517875220.977487.png,unknown,text,model_generated,live_with_caching,open_web,minimal,0,0.0,0.0,0.0,0.0,True,2,False,False,True,True,True,D:\Projects\gemini_image_segmentation\artifacts_nanobanana\1.2.276.0.7230010.3.1.4.8323329.10011.1517875220.977487\text\replicate_0\nanobanana_pneumothorax_smoke_desc_neg_stage0_20260302-010045\run_record.json,D:\Projects\gemini_image_segmentation\artifacts_nanobanana\1.2.276.0.7230010.3.1.4.8323329.10011.1517875220.977487\text\replicate_0\nanobanana_pneumothorax_smoke_desc_neg_stage0_20260302-010045\final\final_mask_238bed2f7b275aef.png,0.0,0.0,0.0,0.0
nanobanana_pneumothorax_smoke_desc_neg_stage0_20260302-010045,1.2.276.0.7230010.3.1.4.8323329.10011.1517875220.977487,1.2.276.0.7230010.3.1.4.8323329.10011.1517875220.977487.png,unknown,image,model_generated,live_with_caching,open_web,minimal,0,0.0,0.0,0.0,0.0,True,3,False,False,True,True,True,D:\Projects\gemini_image_segmentation\artifacts_nanobanana\1.2.276.0.7230010.3.1.4.8323329.10011.1517875220.977487\image\replicate_0\nanobanana_pneumothorax_smoke_desc_neg_stage0_20260302-010045\run_record.json,D:\Projects\gemini_image_segmentation\artifacts_nanobanana\1.2.276.0.7230010.3.1.4.8323329.10011.1517875220.977487\image\replicate_0\nanobanana_pneumothorax_smoke_desc_neg_stage0_20260302-010045\final\final_mask_702473193ff4e157.png,0.0,0.0,0.0,0.0
nanobanana_pneumothorax_smoke_desc_neg_stage0_20260302-010045,1.2.276.0.7230010.3.1.4.8323329.10011.1517875220.977487,1.2.276.0.7230010.3.1.4.8323329.10011.1517875220.977487.png,unknown,text_image,model_generated,live_with_caching,open_web,minimal,0,0.0,0.0,0.0,0.0,True,1,False,False,True,True,True,D:\Projects\gemini_image_segmentation\artifacts_nanobanana\1.2.276.0.7230010.3.1.4.8323329.10011.1517875220.977487\text_image\replicate_0\nanobanana_pneumothorax_smoke_desc_neg_stage0_20260302-010045\run_record.json,D:\Projects\gemini_image_segmentation\artifacts_nanobanana\1.2.276.0.7230010.3.1.4.8323329.10011.1517875220.977487\text_image\replicate_0\nanobanana_pneumothorax_smoke_desc_neg_stage0_20260302-010045\final\final_mask_483b6e48636a78d4.png,0.0,0.0,0.0,0.0
nanobanana_pneumothorax_smoke_desc_neg_stage0_20260302-010045,1.2.276.0.7230010.3.1.4.8323329.10012.1517875220.965942,1.2.276.0.7230010.3.1.4.8323329.10012.1517875220.965942.png,unknown,closed,model_generated,live_with_caching,open_web,minimal,0,0.07231862723230881,0.13488272122804706,0.07671196145080009,0.5580608146873207,True,2,False,False,True,True,True,D:\Projects\gemini_image_segmentation\artifacts_nanobanana\1.2.276.0.7230010.3.1.4.8323329.10012.1517875220.965942\closed\replicate_0\nanobanana_pneumothorax_smoke_desc_neg_stage0_20260302-010045\run_record.json,D:\Projects\gemini_image_segmentation\artifacts_nanobanana\1.2.276.0.7230010.3.1.4.8323329.10012.1517875220.965942\closed\replicate_0\nanobanana_pneumothorax_smoke_desc_neg_stage0_20260302-010045\final\final_mask_4d9d8b6649750677.png,0.07231862723230881,0.13488272122804706,0.0,0.0
nanobanana_pneumothorax_smoke_desc_neg_stage0_20260302-010045,1.2.276.0.7230010.3.1.4.8323329.10012.1517875220.965942,1.2.276.0.7230010.3.1.4.8323329.10012.1517875220.965942.png,unknown,text,model_generated,live_with_caching,open_web,minimal,0,0.0,0.0,0.0,0.0,True,2,False,False,True,True,True,D:\Projects\gemini_image_segmentation\artifacts_nanobanana\1.2.276.0.7230010.3.1.4.8323329.10012.1517875220.965942\text\replicate_0\nanobanana_pneumothorax_smoke_desc_neg_stage0_20260302-010045\run_record.json,D:\Projects\gemini_image_segmentation\artifacts_nanobanana\1.2.276.0.7230010.3.1.4.8323329.10012.1517875220.965942\text\replicate_0\nanobanana_pneumothorax_smoke_desc_neg_stage0_20260302-010045\final\final_mask_bdd39282134c9f6d.png,0.07231862723230881,0.13488272122804706,-0.07231862723230881,-0.13488272122804706
nanobanana_pneumothorax_smoke_desc_neg_stage0_20260302-010045,1.2.276.0.7230010.3.1.4.8323329.10012.1517875220.965942,1.2.276.0.7230010.3.1.4.8323329.10012.1517875220.965942.png,unknown,image,model_generated,live_with_caching,open_web,minimal,0,0.0,0.0,0.0,0.0,True,2,False,False,True,True,True,D:\Projects\gemini_image_segmentation\artifacts_nanobanana\1.2.276.0.7230010.3.1.4.8323329.10012.1517875220.965942\image\replicate_0\nanobanana_pneumothorax_smoke_desc_neg_stage0_20260302-010045\run_record.json,D:\Projects\gemini_image_segmentation\artifacts_nanobanana\1.2.276.0.7230010.3.1.4.8323329.10012.1517875220.965942\image\replicate_0\nanobanana_pneumothorax_smoke_desc_neg_stage0_20260302-010045\final\final_mask_ae7809d28a9a855f.png,0.07231862723230881,0.13488272122804706,-0.07231862723230881,-0.13488272122804706
nanobanana_pneumothorax_smoke_desc_neg_stage0_20260302-010045,1.2.276.0.7230010.3.1.4.8323329.10012.1517875220.965942,1.2.276.0.7230010.3.1.4.8323329.10012.1517875220.965942.png,unknown,text_image,model_generated,live_with_caching,open_web,minimal,0,0.0,0.0,0.0,0.0,False,1,False,False,True,True,True,D:\Projects\gemini_image_segmentation\artifacts_nanobanana\1.2.276.0.7230010.3.1.4.8323329.10012.1517875220.965942\text_image\replicate_0\nanobanana_pneumothorax_smoke_desc_neg_stage0_20260302-010045\run_record.json,D:\Projects\gemini_image_segmentation\artifacts_nanobanana\1.2.276.0.7230010.3.1.4.8323329.10012.1517875220.965942\text_image\replicate_0\nanobanana_pneumothorax_smoke_desc_neg_stage0_20260302-010045\final\final_mask_b8e2552ec0978e0d.png,0.07231862723230881,0.13488272122804706,-0.07231862723230881,-0.13488272122804706
nanobanana_pneumothorax_smoke_desc_neg_stage0_20260302-010045,1.2.276.0.7230010.3.1.4.8323329.10016.1517875220.992175,1.2.276.0.7230010.3.1.4.8323329.10016.1517875220.992175.png,unknown,closed,model_generated,live_with_caching,open_web,minimal,0,0.0,0.0,0.0,0.0,True,2,False,False,True,True,True,D:\Projects\gemini_image_segmentation\artifacts_nanobanana\1.2.276.0.7230010.3.1.4.8323329.10016.1517875220.992175\closed\replicate_0\nanobanana_pneumothorax_smoke_desc_neg_stage0_20260302-010045\run_record.json,D:\Projects\gemini_image_segmentation\artifacts_nanobanana\1.2.276.0.7230010.3.1.4.8323329.10016.1517875220.992175\closed\replicate_0\nanobanana_pneumothorax_smoke_desc_neg_stage0_20260302-010045\final\final_mask_d1ffc69710738ee0.png,0.0,0.0,0.0,0.0
nanobanana_pneumothorax_smoke_desc_neg_stage0_20260302-010045,1.2.276.0.7230010.3.1.4.8323329.10016.1517875220.992175,1.2.276.0.7230010.3.1.4.8323329.10016.1517875220.992175.png,unknown,text,model_generated,live_with_caching,open_web,minimal,0,0.0,0.0,0.0,0.0,True,2,False,False,True,True,True,D:\Projects\gemini_image_segmentation\artifacts_nanobanana\1.2.276.0.7230010.3.1.4.8323329.10016.1517875220.992175\text\replicate_0\nanobanana_pneumothorax_smoke_desc_neg_stage0_20260302-010045\run_record.json,D:\Projects\gemini_image_segmentation\artifacts_nanobanana\1.2.276.0.7230010.3.1.4.8323329.10016.1517875220.992175\text\replicate_0\nanobanana_pneumothorax_smoke_desc_neg_stage0_20260302-010045\final\final_mask_93c22d618e643166.png,0.0,0.0,0.0,0.0
nanobanana_pneumothorax_smoke_desc_neg_stage0_20260302-010045,1.2.276.0.7230010.3.1.4.8323329.10016.1517875220.992175,1.2.276.0.7230010.3.1.4.8323329.10016.1517875220.992175.png,unknown,image,model_generated,live_with_caching,open_web,minimal,0,0.0,0.0,0.0,0.0,True,2,False,False,True,True,True,D:\Projects\gemini_image_segmentation\artifacts_nanobanana\1.2.276.0.7230010.3.1.4.8323329.10016.1517875220.992175\image\replicate_0\nanobanana_pneumothorax_smoke_desc_neg_stage0_20260302-010045\run_record.json,D:\Projects\gemini_image_segmentation\artifacts_nanobanana\1.2.276.0.7230010.3.1.4.8323329.10016.1517875220.992175\image\replicate_0\nanobanana_pneumothorax_smoke_desc_neg_stage0_20260302-010045\final\final_mask_25ef45370e0443cf.png,0.0,0.0,0.0,0.0
nanobanana_pneumothorax_smoke_desc_neg_stage0_20260302-010045,1.2.276.0.7230010.3.1.4.8323329.10016.1517875220.992175,1.2.276.0.7230010.3.1.4.8323329.10016.1517875220.992175.png,unknown,text_image,model_generated,live_with_caching,open_web,minimal,0,0.05912503093463855,0.11164882182505478,0.07448024551947736,0.22286946246812744,True,1,False,False,True,True,True,D:\Projects\gemini_image_segmentation\artifacts_nanobanana\1.2.276.0.7230010.3.1.4.8323329.10016.1517875220.992175\text_image\replicate_0\nanobanana_pneumothorax_smoke_desc_neg_stage0_20260302-010045\run_record.json,D:\Projects\gemini_image_segmentation\artifacts_nanobanana\1.2.276.0.7230010.3.1.4.8323329.10016.1517875220.992175\text_image\replicate_0\nanobanana_pneumothorax_smoke_desc_neg_stage0_20260302-010045\final\final_mask_d4ccb7b62644213e.png,0.0,0.0,0.05912503093463855,0.11164882182505478
nanobanana_pneumothorax_smoke_desc_neg_stage0_20260302-010045,1.2.276.0.7230010.3.1.4.8323329.10025.1517875221.19235,1.2.276.0.7230010.3.1.4.8323329.10025.1517875221.19235.png,unknown,closed,model_generated,live_with_caching,open_web,minimal,0,0.0,0.0,0.0,0.0,True,1,False,False,True,True,True,D:\Projects\gemini_image_segmentation\artifacts_nanobanana\1.2.276.0.7230010.3.1.4.8323329.10025.1517875221.19235\closed\replicate_0\nanobanana_pneumothorax_smoke_desc_neg_stage0_20260302-010045\run_record.json,D:\Projects\gemini_image_segmentation\artifacts_nanobanana\1.2.276.0.7230010.3.1.4.8323329.10025.1517875221.19235\closed\replicate_0\nanobanana_pneumothorax_smoke_desc_neg_stage0_20260302-010045\final\final_mask_708a14a8c175b68b.png,0.0,0.0,0.0,0.0
nanobanana_pneumothorax_smoke_desc_neg_stage0_20260302-010045,1.2.276.0.7230010.3.1.4.8323329.10025.1517875221.19235,1.2.276.0.7230010.3.1.4.8323329.10025.1517875221.19235.png,unknown,text,model_generated,live_with_caching,open_web,minimal,0,0.3435107104778521,0.5113628165356034,0.4886927744070601,0.5362384627023755,True,2,False,False,True,True,True,D:\Projects\gemini_image_segmentation\artifacts_nanobanana\1.2.276.0.7230010.3.1.4.8323329.10025.1517875221.19235\text\replicate_0\nanobanana_pneumothorax_smoke_desc_neg_stage0_20260302-010045\run_record.json,D:\Projects\gemini_image_segmentation\artifacts_nanobanana\1.2.276.0.7230010.3.1.4.8323329.10025.1517875221.19235\text\replicate_0\nanobanana_pneumothorax_smoke_desc_neg_stage0_20260302-010045\final\final_mask_3a766f778900d1a5.png,0.0,0.0,0.3435107104778521,0.5113628165356034
nanobanana_pneumothorax_smoke_desc_neg_stage0_20260302-010045,1.2.276.0.7230010.3.1.4.8323329.10025.1517875221.19235,1.2.276.0.7230010.3.1.4.8323329.10025.1517875221.19235.png,unknown,image,model_generated,live_with_caching,open_web,minimal,0,0.07963431008609115,0.147520895440496,0.08390197220604144,0.6102284763201694,True,2,False,False,True,True,True,D:\Projects\gemini_image_segmentation\artifacts_nanobanana\1.2.276.0.7230010.3.1.4.8323329.10025.1517875221.19235\image\replicate_0\nanobanana_pneumothorax_smoke_desc_neg_stage0_20260302-010045\run_record.json,D:\Projects\gemini_image_segmentation\artifacts_nanobanana\1.2.276.0.7230010.3.1.4.8323329.10025.1517875221.19235\image\replicate_0\nanobanana_pneumothorax_smoke_desc_neg_stage0_20260302-010045\final\final_mask_a4fe6c6f2acef460.png,0.0,0.0,0.07963431008609115,0.147520895440496
nanobanana_pneumothorax_smoke_desc_neg_stage0_20260302-010045,1.2.276.0.7230010.3.1.4.8323329.10025.1517875221.19235,1.2.276.0.7230010.3.1.4.8323329.10025.1517875221.19235.png,unknown,text_image,model_generated,live_with_caching,open_web,minimal,0,0.0,0.0,0.0,0.0,True,2,False,False,True,True,True,D:\Projects\gemini_image_segmentation\artifacts_nanobanana\1.2.276.0.7230010.3.1.4.8323329.10025.1517875221.19235\text_image\replicate_0\nanobanana_pneumothorax_smoke_desc_neg_stage0_20260302-010045\run_record.json,D:\Projects\gemini_image_segmentation\artifacts_nanobanana\1.2.276.0.7230010.3.1.4.8323329.10025.1517875221.19235\text_image\replicate_0\nanobanana_pneumothorax_smoke_desc_neg_stage0_20260302-010045\final\final_mask_3e4befcd27e39cc4.png,0.0,0.0,0.0,0.0
nanobanana_pneumothorax_smoke_desc_neg_stage0_20260302-010045,1.2.276.0.7230010.3.1.4.8323329.10026.1517875221.22915,1.2.276.0.7230010.3.1.4.8323329.10026.1517875221.22915.png,unknown,closed,model_generated,live_with_caching,open_web,minimal,0,0.0,0.0,0.0,0.0,True,2,False,False,True,True,True,D:\Projects\gemini_image_segmentation\artifacts_nanobanana\1.2.276.0.7230010.3.1.4.8323329.10026.1517875221.22915\closed\replicate_0\nanobanana_pneumothorax_smoke_desc_neg_stage0_20260302-010045\run_record.json,D:\Projects\gemini_image_segmentation\artifacts_nanobanana\1.2.276.0.7230010.3.1.4.8323329.10026.1517875221.22915\closed\replicate_0\nanobanana_pneumothorax_smoke_desc_neg_stage0_20260302-010045\final\final_mask_ad6626610e845633.png,0.0,0.0,0.0,0.0
nanobanana_pneumothorax_smoke_desc_neg_stage0_20260302-010045,1.2.276.0.7230010.3.1.4.8323329.10026.1517875221.22915,1.2.276.0.7230010.3.1.4.8323329.10026.1517875221.22915.png,unknown,text,model_generated,live_with_caching,open_web,minimal,0,0.0,0.0,0.0,0.0,True,1,False,False,True,True,True,D:\Projects\gemini_image_segmentation\artifacts_nanobanana\1.2.276.0.7230010.3.1.4.8323329.10026.1517875221.22915\text\replicate_0\nanobanana_pneumothorax_smoke_desc_neg_stage0_20260302-010045\run_record.json,D:\Projects\gemini_image_segmentation\artifacts_nanobanana\1.2.276.0.7230010.3.1.4.8323329.10026.1517875221.22915\text\replicate_0\nanobanana_pneumothorax_smoke_desc_neg_stage0_20260302-010045\final\final_mask_6530667b07e51cc9.png,0.0,0.0,0.0,0.0
nanobanana_pneumothorax_smoke_desc_neg_stage0_20260302-010045,1.2.276.0.7230010.3.1.4.8323329.10026.1517875221.22915,1.2.276.0.7230010.3.1.4.8323329.10026.1517875221.22915.png,unknown,image,model_generated,live_with_caching,open_web,minimal,0,0.024939999421681174,0.048666262289994495,0.026292792472386216,0.3264778247429184,True,1,False,False,True,True,True,D:\Projects\gemini_image_segmentation\artifacts_nanobanana\1.2.276.0.7230010.3.1.4.8323329.10026.1517875221.22915\image\replicate_0\nanobanana_pneumothorax_smoke_desc_neg_stage0_20260302-010045\run_record.json,D:\Projects\gemini_image_segmentation\artifacts_nanobanana\1.2.276.0.7230010.3.1.4.8323329.10026.1517875221.22915\image\replicate_0\nanobanana_pneumothorax_smoke_desc_neg_stage0_20260302-010045\final\final_mask_44c0e7648a09fe4a.png,0.0,0.0,0.024939999421681174,0.048666262289994495
nanobanana_pneumothorax_smoke_desc_neg_stage0_20260302-010045,1.2.276.0.7230010.3.1.4.8323329.10026.1517875221.22915,1.2.276.0.7230010.3.1.4.8323329.10026.1517875221.22915.png,unknown,text_image,model_generated,live_with_caching,open_web,minimal,0,0.0,0.0,0.0,0.0,True,2,False,False,True,True,True,D:\Projects\gemini_image_segmentation\artifacts_nanobanana\1.2.276.0.7230010.3.1.4.8323329.10026.1517875221.22915\text_image\replicate_0\nanobanana_pneumothorax_smoke_desc_neg_stage0_20260302-010045\run_record.json,D:\Projects\gemini_image_segmentation\artifacts_nanobanana\1.2.276.0.7230010.3.1.4.8323329.10026.1517875221.22915\text_image\replicate_0\nanobanana_pneumothorax_smoke_desc_neg_stage0_20260302-010045\final\final_mask_5ff209015357b817.png,0.0,0.0,0.0,0.0
nanobanana_pneumothorax_smoke_desc_neg_stage0_20260302-010045,1.2.276.0.7230010.3.1.4.8323329.10031.1517875221.31204,1.2.276.0.7230010.3.1.4.8323329.10031.1517875221.31204.png,unknown,closed,model_generated,live_with_caching,open_web,minimal,0,0.0,0.0,0.0,0.0,True,2,False,False,True,True,True,D:\Projects\gemini_image_segmentation\artifacts_nanobanana\1.2.276.0.7230010.3.1.4.8323329.10031.1517875221.31204\closed\replicate_0\nanobanana_pneumothorax_smoke_desc_neg_stage0_20260302-010045\run_record.json,D:\Projects\gemini_image_segmentation\artifacts_nanobanana\1.2.276.0.7230010.3.1.4.8323329.10031.1517875221.31204\closed\replicate_0\nanobanana_pneumothorax_smoke_desc_neg_stage0_20260302-010045\final\final_mask_f381708c28a99535.png,0.0,0.0,0.0,0.0
nanobanana_pneumothorax_smoke_desc_neg_stage0_20260302-010045,1.2.276.0.7230010.3.1.4.8323329.10031.1517875221.31204,1.2.276.0.7230010.3.1.4.8323329.10031.1517875221.31204.png,unknown,text,model_generated,live_with_caching,open_web,minimal,0,0.0,0.0,0.0,0.0,True,2,False,False,True,True,True,D:\Projects\gemini_image_segmentation\artifacts_nanobanana\1.2.276.0.7230010.3.1.4.8323329.10031.1517875221.31204\text\replicate_0\nanobanana_pneumothorax_smoke_desc_neg_stage0_20260302-010045\run_record.json,D:\Projects\gemini_image_segmentation\artifacts_nanobanana\1.2.276.0.7230010.3.1.4.8323329.10031.1517875221.31204\text\replicate_0\nanobanana_pneumothorax_smoke_desc_neg_stage0_20260302-010045\final\final_mask_0ee0468aaa435cf2.png,0.0,0.0,0.0,0.0
nanobanana_pneumothorax_smoke_desc_neg_stage0_20260302-010045,1.2.276.0.7230010.3.1.4.8323329.10031.1517875221.31204,1.2.276.0.7230010.3.1.4.8323329.10031.1517875221.31204.png,unknown,image,model_generated,live_with_caching,open_web,minimal,0,0.0,0.0,0.0,0.0,True,1,False,False,True,True,True,D:\Projects\gemini_image_segmentation\artifacts_nanobanana\1.2.276.0.7230010.3.1.4.8323329.10031.1517875221.31204\image\replicate_0\nanobanana_pneumothorax_smoke_desc_neg_stage0_20260302-010045\run_record.json,D:\Projects\gemini_image_segmentation\artifacts_nanobanana\1.2.276.0.7230010.3.1.4.8323329.10031.1517875221.31204\image\replicate_0\nanobanana_pneumothorax_smoke_desc_neg_stage0_20260302-010045\final\final_mask_8c943b9af1612444.png,0.0,0.0,0.0,0.0
nanobanana_pneumothorax_smoke_desc_neg_stage0_20260302-010045,1.2.276.0.7230010.3.1.4.8323329.10031.1517875221.31204,1.2.276.0.7230010.3.1.4.8323329.10031.1517875221.31204.png,unknown,text_image,model_generated,live_with_caching,open_web,minimal,0,0.0,0.0,0.0,0.0,True,2,False,False,True,True,True,D:\Projects\gemini_image_segmentation\artifacts_nanobanana\1.2.276.0.7230010.3.1.4.8323329.10031.1517875221.31204\text_image\replicate_0\nanobanana_pneumothorax_smoke_desc_neg_stage0_20260302-010045\run_record.json,D:\Projects\gemini_image_segmentation\artifacts_nanobanana\1.2.276.0.7230010.3.1.4.8323329.10031.1517875221.31204\text_image\replicate_0\nanobanana_pneumothorax_smoke_desc_neg_stage0_20260302-010045\final\final_mask_567c06cec2702dcd.png,0.0,0.0,0.0,0.0
nanobanana_pneumothorax_smoke_desc_neg_stage0_20260302-010045,1.2.276.0.7230010.3.1.4.8323329.10032.1517875221.34651,1.2.276.0.7230010.3.1.4.8323329.10032.1517875221.34651.png,unknown,closed,model_generated,live_with_caching,open_web,minimal,0,0.0,0.0,0.0,0.0,True,2,False,False,True,True,True,D:\Projects\gemini_image_segmentation\artifacts_nanobanana\1.2.276.0.7230010.3.1.4.8323329.10032.1517875221.34651\closed\replicate_0\nanobanana_pneumothorax_smoke_desc_neg_stage0_20260302-010045\run_record.json,D:\Projects\gemini_image_segmentation\artifacts_nanobanana\1.2.276.0.7230010.3.1.4.8323329.10032.1517875221.34651\closed\replicate_0\nanobanana_pneumothorax_smoke_desc_neg_stage0_20260302-010045\final\final_mask_eaab1aea3c85a502.png,0.0,0.0,0.0,0.0
nanobanana_pneumothorax_smoke_desc_neg_stage0_20260302-010045,1.2.276.0.7230010.3.1.4.8323329.10032.1517875221.34651,1.2.276.0.7230010.3.1.4.8323329.10032.1517875221.34651.png,unknown,text,model_generated,live_with_caching,open_web,minimal,0,0.0,0.0,0.0,0.0,True,2,False,False,True,True,True,D:\Projects\gemini_image_segmentation\artifacts_nanobanana\1.2.276.0.7230010.3.1.4.8323329.10032.1517875221.34651\text\replicate_0\nanobanana_pneumothorax_smoke_desc_neg_stage0_20260302-010045\run_record.json,D:\Projects\gemini_image_segmentation\artifacts_nanobanana\1.2.276.0.7230010.3.1.4.8323329.10032.1517875221.34651\text\replicate_0\nanobanana_pneumothorax_smoke_desc_neg_stage0_20260302-010045\final\final_mask_2b8a298a283ab15e.png,0.0,0.0,0.0,0.0
nanobanana_pneumothorax_smoke_desc_neg_stage0_20260302-010045,1.2.276.0.7230010.3.1.4.8323329.10032.1517875221.34651,1.2.276.0.7230010.3.1.4.8323329.10032.1517875221.34651.png,unknown,image,model_generated,live_with_caching,open_web,minimal,0,0.0,0.0,0.0,0.0,False,1,False,False,True,True,True,D:\Projects\gemini_image_segmentation\artifacts_nanobanana\1.2.276.0.7230010.3.1.4.8323329.10032.1517875221.34651\image\replicate_0\nanobanana_pneumothorax_smoke_desc_neg_stage0_20260302-010045\run_record.json,D:\Projects\gemini_image_segmentation\artifacts_nanobanana\1.2.276.0.7230010.3.1.4.8323329.10032.1517875221.34651\image\replicate_0\nanobanana_pneumothorax_smoke_desc_neg_stage0_20260302-010045\final\final_mask_b8e2552ec0978e0d.png,0.0,0.0,0.0,0.0
nanobanana_pneumothorax_smoke_desc_neg_stage0_20260302-010045,1.2.276.0.7230010.3.1.4.8323329.10032.1517875221.34651,1.2.276.0.7230010.3.1.4.8323329.10032.1517875221.34651.png,unknown,text_image,model_generated,live_with_caching,open_web,minimal,0,0.0,0.0,0.0,0.0,True,1,False,False,True,True,True,D:\Projects\gemini_image_segmentation\artifacts_nanobanana\1.2.276.0.7230010.3.1.4.8323329.10032.1517875221.34651\text_image\replicate_0\nanobanana_pneumothorax_smoke_desc_neg_stage0_20260302-010045\run_record.json,D:\Projects\gemini_image_segmentation\artifacts_nanobanana\1.2.276.0.7230010.3.1.4.8323329.10032.1517875221.34651\text_image\replicate_0\nanobanana_pneumothorax_smoke_desc_neg_stage0_20260302-010045\final\final_mask_5dd6d596d5dd7f45.png,0.0,0.0,0.0,0.0
nanobanana_pneumothorax_smoke_desc_neg_stage0_20260302-010045,1.2.276.0.7230010.3.1.4.8323329.10034.1517875221.47394,1.2.276.0.7230010.3.1.4.8323329.10034.1517875221.47394.png,unknown,closed,model_generated,live_with_caching,open_web,minimal,0,0.0,0.0,0.0,0.0,True,1,False,False,True,True,True,D:\Projects\gemini_image_segmentation\artifacts_nanobanana\1.2.276.0.7230010.3.1.4.8323329.10034.1517875221.47394\closed\replicate_0\nanobanana_pneumothorax_smoke_desc_neg_stage0_20260302-010045\run_record.json,D:\Projects\gemini_image_segmentation\artifacts_nanobanana\1.2.276.0.7230010.3.1.4.8323329.10034.1517875221.47394\closed\replicate_0\nanobanana_pneumothorax_smoke_desc_neg_stage0_20260302-010045\final\final_mask_91a9a0f435d17e2d.png,0.0,0.0,0.0,0.0
nanobanana_pneumothorax_smoke_desc_neg_stage0_20260302-010045,1.2.276.0.7230010.3.1.4.8323329.10034.1517875221.47394,1.2.276.0.7230010.3.1.4.8323329.10034.1517875221.47394.png,unknown,text,model_generated,live_with_caching,open_web,minimal,0,0.0,0.0,0.0,0.0,True,1,False,False,True,True,True,D:\Projects\gemini_image_segmentation\artifacts_nanobanana\1.2.276.0.7230010.3.1.4.8323329.10034.1517875221.47394\text\replicate_0\nanobanana_pneumothorax_smoke_desc_neg_stage0_20260302-010045\run_record.json,D:\Projects\gemini_image_segmentation\artifacts_nanobanana\1.2.276.0.7230010.3.1.4.8323329.10034.1517875221.47394\text\replicate_0\nanobanana_pneumothorax_smoke_desc_neg_stage0_20260302-010045\final\final_mask_2cb360ce90275fec.png,0.0,0.0,0.0,0.0
nanobanana_pneumothorax_smoke_desc_neg_stage0_20260302-010045,1.2.276.0.7230010.3.1.4.8323329.10034.1517875221.47394,1.2.276.0.7230010.3.1.4.8323329.10034.1517875221.47394.png,unknown,image,model_generated,live_with_caching,open_web,minimal,0,0.0,0.0,0.0,0.0,True,2,False,False,True,True,True,D:\Projects\gemini_image_segmentation\artifacts_nanobanana\1.2.276.0.7230010.3.1.4.8323329.10034.1517875221.47394\image\replicate_0\nanobanana_pneumothorax_smoke_desc_neg_stage0_20260302-010045\run_record.json,D:\Projects\gemini_image_segmentation\artifacts_nanobanana\1.2.276.0.7230010.3.1.4.8323329.10034.1517875221.47394\image\replicate_0\nanobanana_pneumothorax_smoke_desc_neg_stage0_20260302-010045\final\final_mask_a0133d703099be3f.png,0.0,0.0,0.0,0.0
nanobanana_pneumothorax_smoke_desc_neg_stage0_20260302-010045,1.2.276.0.7230010.3.1.4.8323329.10034.1517875221.47394,1.2.276.0.7230010.3.1.4.8323329.10034.1517875221.47394.png,unknown,text_image,model_generated,live_with_caching,open_web,minimal,0,0.0,0.0,0.0,0.0,True,1,False,False,True,True,True,D:\Projects\gemini_image_segmentation\artifacts_nanobanana\1.2.276.0.7230010.3.1.4.8323329.10034.1517875221.47394\text_image\replicate_0\nanobanana_pneumothorax_smoke_desc_neg_stage0_20260302-010045\run_record.json,D:\Projects\gemini_image_segmentation\artifacts_nanobanana\1.2.276.0.7230010.3.1.4.8323329.10034.1517875221.47394\text_image\replicate_0\nanobanana_pneumothorax_smoke_desc_neg_stage0_20260302-010045\final\final_mask_4910920e9b559a63.png,0.0,0.0,0.0,0.0
nanobanana_pneumothorax_smoke_desc_neg_stage0_20260302-010045,1.2.276.0.7230010.3.1.4.8323329.10037.1517875221.677730,1.2.276.0.7230010.3.1.4.8323329.10037.1517875221.677730.png,unknown,closed,model_generated,live_with_caching,open_web,minimal,0,0.0,0.0,0.0,0.0,True,2,False,False,True,True,True,D:\Projects\gemini_image_segmentation\artifacts_nanobanana\1.2.276.0.7230010.3.1.4.8323329.10037.1517875221.677730\closed\replicate_0\nanobanana_pneumothorax_smoke_desc_neg_stage0_20260302-010045\run_record.json,D:\Projects\gemini_image_segmentation\artifacts_nanobanana\1.2.276.0.7230010.3.1.4.8323329.10037.1517875221.677730\closed\replicate_0\nanobanana_pneumothorax_smoke_desc_neg_stage0_20260302-010045\final\final_mask_69da89f0bb41e82a.png,0.0,0.0,0.0,0.0
nanobanana_pneumothorax_smoke_desc_neg_stage0_20260302-010045,1.2.276.0.7230010.3.1.4.8323329.10037.1517875221.677730,1.2.276.0.7230010.3.1.4.8323329.10037.1517875221.677730.png,unknown,text,model_generated,live_with_caching,open_web,minimal,0,0.05364739599659666,0.10183178205618598,0.054774060809266174,0.7228479485116653,True,2,False,False,True,True,True,D:\Projects\gemini_image_segmentation\artifacts_nanobanana\1.2.276.0.7230010.3.1.4.8323329.10037.1517875221.677730\text\replicate_0\nanobanana_pneumothorax_smoke_desc_neg_stage0_20260302-010045\run_record.json,D:\Projects\gemini_image_segmentation\artifacts_nanobanana\1.2.276.0.7230010.3.1.4.8323329.10037.1517875221.677730\text\replicate_0\nanobanana_pneumothorax_smoke_desc_neg_stage0_20260302-010045\final\final_mask_69590961f8273714.png,0.0,0.0,0.05364739599659666,0.10183178205618598
nanobanana_pneumothorax_smoke_desc_neg_stage0_20260302-010045,1.2.276.0.7230010.3.1.4.8323329.10037.1517875221.677730,1.2.276.0.7230010.3.1.4.8323329.10037.1517875221.677730.png,unknown,image,model_generated,live_with_caching,open_web,minimal,0,0.0,0.0,0.0,0.0,True,2,False,False,True,True,True,D:\Projects\gemini_image_segmentation\artifacts_nanobanana\1.2.276.0.7230010.3.1.4.8323329.10037.1517875221.677730\image\replicate_0\nanobanana_pneumothorax_smoke_desc_neg_stage0_20260302-010045\run_record.json,D:\Projects\gemini_image_segmentation\artifacts_nanobanana\1.2.276.0.7230010.3.1.4.8323329.10037.1517875221.677730\image\replicate_0\nanobanana_pneumothorax_smoke_desc_neg_stage0_20260302-010045\final\final_mask_cb95deac8aa424b3.png,0.0,0.0,0.0,0.0
nanobanana_pneumothorax_smoke_desc_neg_stage0_20260302-010045,1.2.276.0.7230010.3.1.4.8323329.10037.1517875221.677730,1.2.276.0.7230010.3.1.4.8323329.10037.1517875221.677730.png,unknown,text_image,model_generated,live_with_caching,open_web,minimal,0,0.036106194690265485,0.06969593440382645,0.03762690660636097,0.47184231697506035,True,1,False,False,True,True,True,D:\Projects\gemini_image_segmentation\artifacts_nanobanana\1.2.276.0.7230010.3.1.4.8323329.10037.1517875221.677730\text_image\replicate_0\nanobanana_pneumothorax_smoke_desc_neg_stage0_20260302-010045\run_record.json,D:\Projects\gemini_image_segmentation\artifacts_nanobanana\1.2.276.0.7230010.3.1.4.8323329.10037.1517875221.677730\text_image\replicate_0\nanobanana_pneumothorax_smoke_desc_neg_stage0_20260302-010045\final\final_mask_99fb0f5942b651b9.png,0.0,0.0,0.036106194690265485,0.06969593440382645
